"id","source","target","label"
"1","1","2","title"
"2","1","3","content"
"3","1","4","place"
"4","4","5","title"
"5","4","6","pointLatitude"
"6","4","7","pointLongitude"
"7","4","8","role"
"8","1","9","person"
"11","9","12","profession"
"12","1","13","keyword"
"13","1","14","keyword"
"14","1","15","keyword"
"15","1","16","keyword"
"16","1","17","keyword"
"17","1","18","keyword"
"18","1","19","keyword"
"19","1","20","keyword"
"20","1","21","keyword"
"21","1","22","keyword"
"22","23","24","title"
"23","23","25","content"
"24","23","26","content"
"25","23","27","place"
"26","27","28","title"
"27","27","29","pointLatitude"
"28","27","30","pointLongitude"
"29","27","8","role"
"30","23","31","person"
"33","23","34","keyword"
"34","23","14","keyword"
"35","23","20","keyword"
"36","23","35","keyword"
"37","23","36","keyword"
"38","37","38","title"
"39","37","39","content"
"40","37","40","content"
"41","37","41","place"
"42","41","42","title"
"43","41","43","pointLatitude"
"44","41","44","pointLongitude"
"45","41","8","role"
"46","37","45","person"
"49","45","48","place"
"50","48","49","title"
"51","48","50","pointLatitude"
"52","48","51","pointLongitude"
"53","37","52","keyword"
"54","37","14","keyword"
"55","37","20","keyword"
"56","37","53","keyword"
"57","37","54","keyword"
"58","55","56","title"
"59","55","57","content"
"60","55","58","place"
"61","58","28","title"
"62","58","59","pointLatitude"
"63","58","60","pointLongitude"
"64","58","8","role"
"65","55","61","person"
"68","61","58","place"
"69","55","64","keyword"
"70","55","14","keyword"
"71","55","20","keyword"
"72","55","65","keyword"
"73","55","66","keyword"
"74","67","68","title"
"75","67","69","content"
"76","67","70","content"
"77","67","27","place"
"78","67","31","person"
"81","67","52","keyword"
"82","67","14","keyword"
"83","67","20","keyword"
"84","67","53","keyword"
"85","67","54","keyword"
"86","74","75","title"
"87","74","76","content"
"88","74","77","content"
"89","74","78","place"
"90","78","79","title"
"91","78","80","pointLatitude"
"92","78","81","pointLongitude"
"93","78","8","role"
"94","74","82","person"
"97","82","85","profession"
"98","74","52","keyword"
"99","74","14","keyword"
"100","74","20","keyword"
"101","74","53","keyword"
"102","74","54","keyword"
"103","86","87","title"
"104","86","88","content"
"105","86","89","content"
"106","86","4","place"
"107","86","9","person"
"111","86","19","keyword"
"112","86","14","keyword"
"113","86","94","keyword"
"114","86","20","keyword"
"115","86","95","keyword"
"116","86","96","keyword"
"117","97","98","title"
"118","97","99","content"
"119","97","100","place"
"120","100","101","title"
"121","100","102","pointLatitude"
"122","100","103","pointLongitude"
"123","100","8","role"
"124","97","104","person"
"127","97","107","keyword"
"128","97","19","keyword"
"129","97","14","keyword"
"130","97","20","keyword"
"131","97","108","keyword"
"132","97","109","keyword"
"133","110","111","title"
"134","110","112","content"
"135","110","4","place"
"136","4","113","role"
"137","110","9","person"
"141","110","118","keyword"
"142","110","14","keyword"
"143","110","119","keyword"
"144","110","19","keyword"
"145","110","120","keyword"
"146","110","20","keyword"
"147","110","121","keyword"
"148","110","122","keyword"
"149","123","124","title"
"150","123","125","content"
"151","123","126","content"
"152","123","127","place"
"153","127","128","title"
"154","127","129","pointLatitude"
"155","127","130","pointLongitude"
"156","127","8","role"
"157","123","131","person"
"160","123","52","keyword"
"161","123","14","keyword"
"162","123","20","keyword"
"163","123","53","keyword"
"164","123","54","keyword"
"165","134","135","title"
"166","134","136","content"
"167","134","137","content"
"168","134","138","place"
"169","138","139","title"
"170","138","140","pointLatitude"
"171","138","141","pointLongitude"
"172","138","8","role"
"173","134","142","person"
"176","142","12","profession"
"177","142","146","place"
"178","146","147","title"
"179","146","148","pointLatitude"
"180","146","149","pointLongitude"
"181","134","118","keyword"
"182","134","14","keyword"
"183","134","20","keyword"
"184","134","121","keyword"
"185","134","122","keyword"
"186","150","151","title"
"187","150","152","content"
"188","150","153","place"
"189","153","154","title"
"190","153","148","pointLatitude"
"191","153","149","pointLongitude"
"192","153","8","role"
"193","150","155","person"
"196","150","107","keyword"
"197","150","19","keyword"
"198","150","14","keyword"
"199","150","20","keyword"
"200","150","108","keyword"
"201","150","109","keyword"
"202","158","159","title"
"203","158","160","content"
"204","158","153","place"
"205","158","161","person"
"208","158","64","keyword"
"209","158","14","keyword"
"210","158","20","keyword"
"211","158","65","keyword"
"212","158","66","keyword"
"213","164","165","title"
"214","164","166","content"
"215","164","167","content"
"216","164","168","place"
"217","168","169","title"
"218","168","170","pointLatitude"
"219","168","171","pointLongitude"
"220","168","8","role"
"221","164","172","person"
"224","164","52","keyword"
"225","164","14","keyword"
"226","164","175","keyword"
"227","164","176","keyword"
"228","164","18","keyword"
"229","164","19","keyword"
"230","164","20","keyword"
"231","164","53","keyword"
"232","164","54","keyword"
"233","177","178","title"
"234","177","179","content"
"235","177","180","content"
"236","177","181","place"
"237","181","182","title"
"238","181","8","role"
"239","177","183","person"
"242","183","186","place"
"243","186","187","title"
"244","177","64","keyword"
"245","177","14","keyword"
"246","177","20","keyword"
"247","177","65","keyword"
"248","177","66","keyword"
"249","188","189","title"
"250","188","190","content"
"251","188","191","content"
"252","188","192","place"
"253","192","193","title"
"254","192","194","pointLatitude"
"255","192","195","pointLongitude"
"256","192","8","role"
"257","188","196","place"
"258","196","197","title"
"259","196","198","pointLatitude"
"260","196","199","pointLongitude"
"261","196","113","role"
"262","188","200","person"
"265","188","203","keyword"
"266","188","19","keyword"
"267","188","14","keyword"
"268","188","204","keyword"
"269","188","205","keyword"
"270","188","206","keyword"
"271","188","20","keyword"
"272","188","207","keyword"
"273","188","208","keyword"
"274","209","210","title"
"275","209","211","content"
"276","209","212","content"
"277","209","213","place"
"278","213","214","title"
"279","213","215","pointLatitude"
"280","213","216","pointLongitude"
"281","213","8","role"
"282","209","217","place"
"283","217","218","title"
"284","217","219","pointLatitude"
"285","217","220","pointLongitude"
"286","217","8","role"
"287","209","221","person"
"290","221","213","place"
"291","209","34","keyword"
"292","209","14","keyword"
"293","209","20","keyword"
"294","209","35","keyword"
"295","209","36","keyword"
"296","224","225","title"
"297","224","226","content"
"298","224","14","keyword"
"299","224","20","keyword"
"300","224","227","keyword"
"301","224","228","keyword"
"302","229","230","title"
"303","229","231","content"
"304","229","232","place"
"305","232","233","title"
"306","232","234","pointLatitude"
"307","232","235","pointLongitude"
"308","232","8","role"
"309","229","236","person"
"312","236","12","profession"
"313","229","118","keyword"
"314","229","14","keyword"
"315","229","20","keyword"
"316","229","121","keyword"
"317","229","122","keyword"
"318","240","241","title"
"319","240","242","content"
"320","240","243","content"
"321","240","4","place"
"322","240","9","person"
"326","240","19","keyword"
"327","240","14","keyword"
"328","240","94","keyword"
"329","240","20","keyword"
"330","240","95","keyword"
"331","240","96","keyword"
"332","248","249","title"
"333","248","250","content"
"334","248","251","content"
"335","248","78","place"
"336","248","82","person"
"340","248","118","keyword"
"341","248","14","keyword"
"342","248","20","keyword"
"343","248","121","keyword"
"344","248","122","keyword"
"345","256","257","title"
"346","256","258","content"
"347","256","27","place"
"348","256","259","person"
"352","259","263","profession"
"353","256","264","keyword"
"354","256","14","keyword"
"355","256","20","keyword"
"356","256","265","keyword"
"357","256","266","keyword"
"358","267","268","title"
"359","267","269","content"
"360","267","270","content"
"361","267","271","place"
"362","271","272","title"
"363","271","273","pointLatitude"
"364","271","274","pointLongitude"
"365","271","8","role"
"366","267","275","person"
"369","275","278","profession"
"370","275","279","place"
"371","279","280","title"
"372","267","118","keyword"
"373","267","14","keyword"
"374","267","281","keyword"
"375","267","282","keyword"
"376","267","18","keyword"
"377","267","19","keyword"
"378","267","120","keyword"
"379","267","283","keyword"
"380","267","20","keyword"
"381","267","121","keyword"
"382","267","122","keyword"
"383","284","285","title"
"384","284","286","content"
"385","284","287","content"
"386","284","288","place"
"387","288","289","title"
"388","288","290","pointLatitude"
"389","288","291","pointLongitude"
"390","288","8","role"
"391","284","292","person"
"395","292","295","profession"
"396","284","52","keyword"
"397","284","14","keyword"
"398","284","20","keyword"
"399","284","53","keyword"
"400","284","54","keyword"
"401","296","297","title"
"402","296","298","content"
"403","296","299","content"
"404","296","300","place"
"405","300","301","title"
"406","300","302","pointLatitude"
"407","300","303","pointLongitude"
"408","300","8","role"
"409","296","304","person"
"412","304","307","profession"
"413","296","264","keyword"
"414","296","14","keyword"
"415","296","20","keyword"
"416","296","265","keyword"
"417","296","266","keyword"
"418","308","309","title"
"419","308","310","content"
"420","308","311","person"
"424","311","314","profession"
"425","311","315","profession"
"426","308","14","keyword"
"427","308","20","keyword"
"428","308","227","keyword"
"429","308","228","keyword"
"430","316","317","title"
"431","316","318","content"
"432","316","319","content"
"433","316","320","place"
"434","320","321","title"
"435","320","322","pointLatitude"
"436","320","323","pointLongitude"
"437","320","8","role"
"438","316","324","person"
"441","316","327","keyword"
"442","316","14","keyword"
"443","316","20","keyword"
"444","316","328","keyword"
"445","316","329","keyword"
"446","330","331","title"
"447","330","332","content"
"448","330","333","content"
"449","330","334","place"
"450","334","335","title"
"451","334","336","pointLatitude"
"452","334","337","pointLongitude"
"453","334","8","role"
"454","330","338","person"
"457","330","52","keyword"
"458","330","14","keyword"
"459","330","20","keyword"
"460","330","53","keyword"
"461","330","54","keyword"
"462","341","342","title"
"463","341","343","content"
"464","341","344","content"
"465","341","345","place"
"466","345","346","title"
"467","345","347","pointLatitude"
"468","345","348","pointLongitude"
"469","345","8","role"
"470","341","349","place"
"471","349","350","title"
"472","349","351","pointLatitude"
"473","349","352","pointLongitude"
"474","349","8","role"
"475","341","353","person"
"478","353","356","profession"
"479","341","13","keyword"
"480","341","14","keyword"
"481","341","15","keyword"
"482","341","20","keyword"
"483","341","21","keyword"
"484","341","22","keyword"
"485","357","358","title"
"486","357","359","content"
"487","357","360","person"
"490","357","14","keyword"
"491","357","20","keyword"
"492","357","227","keyword"
"493","357","228","keyword"
"494","362","363","title"
"495","362","364","content"
"496","362","365","content"
"497","362","366","place"
"498","366","367","title"
"499","366","368","pointLatitude"
"500","366","369","pointLongitude"
"501","366","8","role"
"502","362","370","place"
"503","370","371","title"
"504","370","372","pointLatitude"
"505","370","373","pointLongitude"
"506","370","8","role"
"507","362","374","person"
"510","374","370","place"
"511","362","377","keyword"
"512","362","14","keyword"
"513","362","20","keyword"
"514","362","378","keyword"
"515","362","379","keyword"
"516","380","381","title"
"517","380","382","content"
"518","380","383","content"
"519","380","384","place"
"520","384","385","title"
"521","384","386","pointLatitude"
"522","384","387","pointLongitude"
"523","384","8","role"
"524","380","9","person"
"528","380","19","keyword"
"529","380","14","keyword"
"530","380","94","keyword"
"531","380","20","keyword"
"532","380","95","keyword"
"533","380","96","keyword"
"534","392","393","title"
"535","392","394","content"
"536","392","395","content"
"537","392","396","place"
"538","396","397","title"
"539","396","398","pointLatitude"
"540","396","399","pointLongitude"
"541","396","8","role"
"542","392","400","person"
"545","392","327","keyword"
"546","392","14","keyword"
"547","392","20","keyword"
"548","392","328","keyword"
"549","392","329","keyword"
"550","403","404","title"
"551","403","405","content"
"552","403","406","content"
"553","403","407","place"
"554","407","408","title"
"555","407","409","pointLatitude"
"556","407","410","pointLongitude"
"557","407","8","role"
"558","403","411","person"
"561","403","52","keyword"
"562","403","14","keyword"
"563","403","20","keyword"
"564","403","53","keyword"
"565","403","54","keyword"
"566","414","415","title"
"567","414","416","content"
"568","414","417","content"
"569","414","418","place"
"570","418","419","title"
"571","418","420","pointLatitude"
"572","418","421","pointLongitude"
"573","418","8","role"
"574","414","422","person"
"577","414","52","keyword"
"578","414","14","keyword"
"579","414","20","keyword"
"580","414","53","keyword"
"581","414","54","keyword"
"582","425","426","title"
"583","425","427","content"
"584","425","428","content"
"585","425","14","keyword"
"586","425","20","keyword"
"587","425","227","keyword"
"588","425","228","keyword"
"589","429","430","title"
"590","429","431","content"
"591","429","432","content"
"592","429","14","keyword"
"593","429","20","keyword"
"594","429","227","keyword"
"595","429","228","keyword"
"596","433","434","title"
"597","433","435","content"
"598","433","436","place"
"599","436","437","title"
"600","436","438","pointLatitude"
"601","436","439","pointLongitude"
"602","436","8","role"
"603","433","440","person"
"607","440","444","profession"
"608","433","52","keyword"
"609","433","14","keyword"
"610","433","20","keyword"
"611","433","53","keyword"
"612","433","54","keyword"
"613","445","446","title"
"614","445","447","content"
"615","445","448","content"
"616","445","192","place"
"617","445","449","person"
"621","449","452","profession"
"622","445","19","keyword"
"623","445","14","keyword"
"624","445","20","keyword"
"625","445","453","keyword"
"626","445","454","keyword"
"627","455","456","title"
"628","455","457","content"
"629","455","458","content"
"630","455","459","place"
"631","459","460","title"
"632","459","461","pointLatitude"
"633","459","462","pointLongitude"
"634","459","8","role"
"635","455","131","person"
"638","455","19","keyword"
"639","455","14","keyword"
"640","455","94","keyword"
"641","455","20","keyword"
"642","455","95","keyword"
"643","455","96","keyword"
"644","466","467","title"
"645","466","468","content"
"646","466","469","content"
"647","466","58","place"
"648","466","61","person"
"652","466","264","keyword"
"653","466","14","keyword"
"654","466","20","keyword"
"655","466","265","keyword"
"656","466","266","keyword"
"657","473","474","title"
"658","473","475","content"
"659","473","476","content"
"660","473","396","place"
"661","473","400","person"
"664","473","13","keyword"
"665","473","14","keyword"
"666","473","15","keyword"
"667","473","20","keyword"
"668","473","21","keyword"
"669","473","22","keyword"
"670","480","481","title"
"671","480","482","content"
"672","480","311","person"
"678","480","107","keyword"
"679","480","19","keyword"
"680","480","14","keyword"
"681","480","20","keyword"
"682","480","108","keyword"
"683","480","109","keyword"
"684","488","489","title"
"685","488","490","content"
"686","488","491","place"
"687","491","492","title"
"688","491","493","pointLatitude"
"689","491","494","pointLongitude"
"690","491","8","role"
"691","488","495","person"
"694","488","118","keyword"
"695","488","14","keyword"
"696","488","20","keyword"
"697","488","121","keyword"
"698","488","122","keyword"
"699","498","499","title"
"700","498","500","content"
"701","498","501","content"
"702","498","502","place"
"703","502","503","title"
"704","502","504","pointLatitude"
"705","502","505","pointLongitude"
"706","502","8","role"
"707","498","506","place"
"708","506","507","title"
"709","506","508","pointLatitude"
"710","506","509","pointLongitude"
"711","506","113","role"
"712","498","510","person"
"716","510","513","profession"
"717","498","13","keyword"
"718","498","14","keyword"
"719","498","15","keyword"
"720","498","18","keyword"
"721","498","19","keyword"
"722","498","514","keyword"
"723","498","20","keyword"
"724","498","21","keyword"
"725","498","22","keyword"
"726","515","516","title"
"727","515","517","content"
"728","515","518","content"
"729","515","519","place"
"730","519","520","title"
"731","519","8","role"
"732","515","521","person"
"735","521","524","profession"
"736","515","52","keyword"
"737","515","14","keyword"
"738","515","20","keyword"
"739","515","53","keyword"
"740","515","54","keyword"
"741","525","526","title"
"742","525","527","content"
"743","525","528","content"
"744","525","529","place"
"745","529","530","title"
"746","529","531","pointLatitude"
"747","529","532","pointLongitude"
"748","529","8","role"
"749","525","533","person"
"752","533","536","profession"
"753","525","264","keyword"
"754","525","14","keyword"
"755","525","20","keyword"
"756","525","537","keyword"
"757","525","538","keyword"
"758","539","540","title"
"759","539","541","content"
"760","539","542","content"
"761","539","27","place"
"762","539","543","person"
"765","543","356","profession"
"766","539","264","keyword"
"767","539","14","keyword"
"768","539","20","keyword"
"769","539","537","keyword"
"770","539","538","keyword"
"771","547","548","title"
"772","547","549","content"
"773","547","550","content"
"774","547","345","place"
"775","547","192","place"
"776","192","113","role"
"777","547","320","place"
"778","320","113","role"
"779","547","353","person"
"783","547","264","keyword"
"784","547","14","keyword"
"785","547","555","keyword"
"786","547","556","keyword"
"787","547","176","keyword"
"788","547","18","keyword"
"789","547","19","keyword"
"790","547","20","keyword"
"791","547","537","keyword"
"792","547","538","keyword"
"793","557","558","title"
"794","557","559","content"
"795","557","560","place"
"796","560","561","title"
"797","560","562","pointLatitude"
"798","560","563","pointLongitude"
"799","560","8","role"
"800","560","113","role"
"801","557","564","person"
"804","557","52","keyword"
"805","557","14","keyword"
"806","557","555","keyword"
"807","557","567","keyword"
"808","557","18","keyword"
"809","557","19","keyword"
"810","557","20","keyword"
"811","557","53","keyword"
"812","557","54","keyword"
"813","568","569","title"
"814","568","570","content"
"815","568","571","content"
"816","568","27","place"
"817","568","259","person"
"822","568","264","keyword"
"823","568","14","keyword"
"824","568","20","keyword"
"825","568","265","keyword"
"826","568","266","keyword"
"827","576","577","title"
"828","576","578","content"
"829","576","579","content"
"830","576","580","place"
"831","580","581","title"
"832","580","582","pointLatitude"
"833","580","583","pointLongitude"
"834","580","8","role"
"835","576","584","place"
"836","584","585","title"
"837","584","586","pointLatitude"
"838","584","587","pointLongitude"
"839","584","8","role"
"840","576","588","person"
"843","588","591","profession"
"844","588","592","place"
"845","592","581","title"
"846","576","52","keyword"
"847","576","14","keyword"
"848","576","20","keyword"
"849","576","53","keyword"
"850","576","54","keyword"
"851","593","594","title"
"852","593","595","content"
"853","593","41","place"
"854","593","596","person"
"857","593","19","keyword"
"858","593","14","keyword"
"859","593","94","keyword"
"860","593","20","keyword"
"861","593","95","keyword"
"862","593","96","keyword"
"863","599","600","title"
"864","599","601","content"
"865","599","602","content"
"866","599","603","place"
"867","603","604","title"
"868","603","605","pointLatitude"
"869","603","606","pointLongitude"
"870","603","8","role"
"871","599","607","person"
"874","599","52","keyword"
"875","599","14","keyword"
"876","599","20","keyword"
"877","599","53","keyword"
"878","599","54","keyword"
"879","610","611","title"
"880","610","612","content"
"881","610","613","content"
"882","610","384","place"
"883","610","9","person"
"887","610","19","keyword"
"888","610","14","keyword"
"889","610","94","keyword"
"890","610","20","keyword"
"891","610","95","keyword"
"892","610","96","keyword"
"893","617","618","title"
"894","617","619","content"
"895","617","620","content"
"896","617","127","place"
"902","625","626","title"
"903","625","627","pointLatitude"
"904","625","628","pointLongitude"
"905","617","629","person"
"908","629","12","profession"
"909","617","52","keyword"
"910","617","14","keyword"
"911","617","633","keyword"
"912","617","176","keyword"
"913","617","18","keyword"
"914","617","19","keyword"
"915","617","20","keyword"
"916","617","53","keyword"
"917","617","54","keyword"
"918","634","635","title"
"919","634","636","content"
"920","634","637","content"
"921","634","459","place"
"922","634","638","person"
"925","634","52","keyword"
"926","634","14","keyword"
"927","634","20","keyword"
"928","634","53","keyword"
"929","634","54","keyword"
"930","641","642","title"
"931","641","643","content"
"932","641","311","person"
"938","641","650","keyword"
"939","641","19","keyword"
"940","641","14","keyword"
"941","641","20","keyword"
"942","641","651","keyword"
"943","641","652","keyword"
"944","653","654","title"
"945","653","655","content"
"946","653","334","place"
"947","653","656","person"
"950","656","659","profession"
"951","653","650","keyword"
"952","653","19","keyword"
"953","653","14","keyword"
"954","653","20","keyword"
"955","653","651","keyword"
"956","653","652","keyword"
"957","660","661","title"
"958","660","226","content"
"959","660","14","keyword"
"960","660","20","keyword"
"961","660","227","keyword"
"962","660","228","keyword"
"963","662","663","title"
"964","662","664","content"
"965","662","665","content"
"966","662","78","place"
"967","662","82","person"
"971","662","327","keyword"
"972","662","14","keyword"
"973","662","20","keyword"
"974","662","328","keyword"
"975","662","329","keyword"
"976","669","670","title"
"977","669","671","content"
"978","669","366","place"
"979","669","672","person"
"982","672","675","profession"
"983","669","327","keyword"
"984","669","14","keyword"
"985","669","20","keyword"
"986","669","328","keyword"
"987","669","329","keyword"
"988","676","677","title"
"989","676","678","content"
"990","676","679","content"
"991","676","680","place"
"992","680","681","title"
"993","680","682","pointLatitude"
"994","680","683","pointLongitude"
"995","680","8","role"
"996","676","684","person"
"999","684","687","profession"
"1000","676","688","keyword"
"1001","676","14","keyword"
"1002","676","20","keyword"
"1003","676","689","keyword"
"1004","690","691","title"
"1005","690","692","content"
"1006","690","693","person"
"1009","693","12","profession"
"1010","690","14","keyword"
"1011","690","20","keyword"
"1012","690","227","keyword"
"1013","690","228","keyword"
"1014","697","698","title"
"1015","697","699","content"
"1016","697","700","content"
"1017","697","320","place"
"1018","697","701","person"
"1021","697","327","keyword"
"1022","697","14","keyword"
"1023","697","20","keyword"
"1024","697","328","keyword"
"1025","697","329","keyword"
"1026","704","705","title"
"1027","704","706","content"
"1028","704","707","content"
"1029","704","708","place"
"1030","708","709","title"
"1031","708","710","pointLatitude"
"1032","708","711","pointLongitude"
"1033","708","8","role"
"1034","704","712","person"
"1038","704","52","keyword"
"1039","704","14","keyword"
"1040","704","716","keyword"
"1041","704","717","keyword"
"1042","704","718","keyword"
"1043","704","19","keyword"
"1044","704","20","keyword"
"1045","704","53","keyword"
"1046","704","54","keyword"
"1047","719","720","title"
"1048","719","721","content"
"1049","719","722","content"
"1050","719","58","place"
"1051","719","61","person"
"1055","719","19","keyword"
"1056","719","14","keyword"
"1057","719","20","keyword"
"1058","719","95","keyword"
"1059","719","96","keyword"
"1060","726","727","title"
"1061","726","728","content"
"1062","726","729","place"
"1063","729","730","title"
"1064","729","8","role"
"1065","726","731","person"
"1068","731","356","profession"
"1069","726","52","keyword"
"1070","726","14","keyword"
"1071","726","20","keyword"
"1072","726","53","keyword"
"1073","726","54","keyword"
"1074","735","736","title"
"1075","735","737","content"
"1076","735","4","place"
"1077","735","9","person"
"1081","735","52","keyword"
"1082","735","14","keyword"
"1083","735","567","keyword"
"1084","735","176","keyword"
"1085","735","19","keyword"
"1086","735","741","keyword"
"1087","735","20","keyword"
"1088","735","53","keyword"
"1089","735","54","keyword"
"1090","742","743","title"
"1091","742","744","content"
"1092","742","232","place"
"1093","742","236","person"
"1097","742","64","keyword"
"1098","742","14","keyword"
"1099","742","749","keyword"
"1100","742","750","keyword"
"1101","742","751","keyword"
"1102","742","19","keyword"
"1103","742","752","keyword"
"1104","742","753","keyword"
"1105","742","20","keyword"
"1106","742","65","keyword"
"1107","742","66","keyword"
"1108","754","755","title"
"1109","754","756","content"
"1110","754","757","place"
"1111","757","758","title"
"1112","757","759","pointLatitude"
"1113","757","760","pointLongitude"
"1114","757","8","role"
"1115","754","761","person"
"1118","761","764","profession"
"1119","754","118","keyword"
"1120","754","14","keyword"
"1121","754","20","keyword"
"1122","754","121","keyword"
"1123","754","122","keyword"
"1124","765","766","title"
"1125","765","767","content"
"1126","765","192","place"
"1127","765","196","place"
"1128","765","200","person"
"1131","765","203","keyword"
"1132","765","19","keyword"
"1133","765","14","keyword"
"1134","765","204","keyword"
"1135","765","205","keyword"
"1136","765","206","keyword"
"1137","765","20","keyword"
"1138","765","207","keyword"
"1139","765","208","keyword"
"1140","771","772","title"
"1141","771","773","content"
"1142","771","774","content"
"1143","771","775","place"
"1144","775","776","title"
"1145","775","777","pointLatitude"
"1146","775","778","pointLongitude"
"1147","775","8","role"
"1148","771","779","place"
"1149","779","780","title"
"1150","779","781","pointLatitude"
"1151","779","782","pointLongitude"
"1152","779","8","role"
"1153","771","783","person"
"1156","783","786","profession"
"1157","783","787","place"
"1158","787","780","title"
"1159","771","52","keyword"
"1160","771","14","keyword"
"1161","771","20","keyword"
"1162","771","53","keyword"
"1163","771","54","keyword"
"1164","788","789","title"
"1165","788","790","content"
"1166","788","502","place"
"1167","788","506","place"
"1168","788","510","person"
"1173","788","13","keyword"
"1174","788","14","keyword"
"1175","788","15","keyword"
"1176","788","18","keyword"
"1177","788","19","keyword"
"1178","788","514","keyword"
"1179","788","20","keyword"
"1180","788","21","keyword"
"1181","788","22","keyword"
"1182","796","797","title"
"1183","796","798","content"
"1184","796","799","content"
"1185","796","14","keyword"
"1186","796","20","keyword"
"1187","796","227","keyword"
"1188","796","228","keyword"
"1189","800","801","title"
"1190","800","802","content"
"1191","800","803","content"
"1192","800","804","place"
"1193","804","805","title"
"1194","804","806","pointLatitude"
"1195","804","807","pointLongitude"
"1196","804","8","role"
"1197","800","118","keyword"
"1198","800","14","keyword"
"1199","800","20","keyword"
"1200","800","121","keyword"
"1201","800","122","keyword"
"1202","808","809","title"
"1203","808","810","content"
"1204","808","27","place"
"1208","808","259","person"
"1213","808","52","keyword"
"1214","808","14","keyword"
"1215","808","16","keyword"
"1216","808","18","keyword"
"1217","808","19","keyword"
"1218","808","752","keyword"
"1219","808","818","keyword"
"1220","808","20","keyword"
"1221","808","53","keyword"
"1222","808","54","keyword"
"1223","819","820","title"
"1224","819","821","content"
"1225","819","822","content"
"1226","819","334","place"
"1227","819","338","person"
"1230","819","826","keyword"
"1231","819","827","keyword"
"1232","819","14","keyword"
"1233","819","20","keyword"
"1234","819","828","keyword"
"1235","819","829","keyword"
"1236","830","831","title"
"1237","830","832","content"
"1238","830","833","content"
"1239","834","835","title"
"1240","834","836","content"
"1241","834","837","content"
"1242","834","271","place"
"1243","834","838","person"
"1246","838","841","place"
"1247","841","842","title"
"1248","841","843","pointLatitude"
"1249","841","844","pointLongitude"
"1250","834","264","keyword"
"1251","834","14","keyword"
"1252","834","20","keyword"
"1253","834","537","keyword"
"1254","834","538","keyword"
"1255","845","846","title"
"1256","845","847","content"
"1257","845","848","content"
"1258","845","127","place"
"1263","845","852","person"
"1266","852","855","profession"
"1267","845","52","keyword"
"1268","845","14","keyword"
"1269","845","856","keyword"
"1270","845","567","keyword"
"1271","845","857","keyword"
"1272","845","176","keyword"
"1273","845","19","keyword"
"1274","845","20","keyword"
"1275","845","53","keyword"
"1276","845","54","keyword"
"1277","858","859","title"
"1278","858","860","content"
"1279","858","861","content"
"1280","858","366","place"
"1281","858","862","person"
"1284","862","865","profession"
"1285","862","866","place"
"1286","866","867","title"
"1287","866","868","pointLatitude"
"1288","866","869","pointLongitude"
"1289","858","19","keyword"
"1290","858","14","keyword"
"1291","858","94","keyword"
"1292","858","20","keyword"
"1293","858","95","keyword"
"1294","858","96","keyword"
"1295","870","871","title"
"1296","870","872","content"
"1297","870","873","place"
"1298","873","874","title"
"1299","873","875","pointLatitude"
"1300","873","876","pointLongitude"
"1301","873","8","role"
"1302","870","877","person"
"1305","870","203","keyword"
"1306","870","19","keyword"
"1307","870","14","keyword"
"1308","870","20","keyword"
"1309","870","207","keyword"
"1310","870","208","keyword"
"1311","880","881","title"
"1312","880","882","content"
"1313","880","883","content"
"1314","880","603","place"
"1315","880","884","person"
"1318","884","887","place"
"1319","887","888","title"
"1320","887","889","pointLatitude"
"1321","887","890","pointLongitude"
"1322","880","327","keyword"
"1323","880","14","keyword"
"1324","880","555","keyword"
"1325","880","891","keyword"
"1326","880","892","keyword"
"1327","880","19","keyword"
"1328","880","20","keyword"
"1329","880","328","keyword"
"1330","880","329","keyword"
